Nama Shelter,Rating,Alamat,Link Google Maps,Deskripsi
Ahmad Small Farm,4/5,"Jl. C.Trowulan No.65, Mojolangu, Kec. Lowokwaru, Kota Malang, Jawa Timur 65142",https://maps.app.goo.gl/dwL2snyfbsnNRrPp6,Shelter hewan dengan berbagai fasilitas yang canggih untuk hewan peliharaanmu!
Murphys Animal House,5/5,"Jl. Blimbing Indah Selatan XII No.1A, Purwodadi, Kec. Blimbing, Kota Malang, Jawa Timur 65124",https://maps.app.goo.gl/GfrjnxkdJudYTLUW9,Shelter kami buka 24 jam dan menyediakan berbagai jenis kebutuhan anabul Anda!
Paws Home,5/5,"Jl. Poh Payung No.11, Tunggulwulung, Kec. Lowokwaru, Kota Malang, Jawa Timur 65143",https://maps.app.goo.gl/aQuSvwvaxnGu6Rc78,Paws Home adalah pilihan yang tepat untuk kamu yang ingin mengadopsi atau menitipkan anabulmu!
Rehoming & Adoption!,3/5,"Perumahan Bukit Cemara Tujuh Blok BB21, Dermo, Mulyoagung, Dau, Malang Regency, East Java 65151",https://maps.app.goo.gl/4azstBunS5BxnuYK6,"Tersedia 24 jam, apabila ingin rehoming mohon hubungi terlebih dahulu"
Sentuhan Sayang Shelter,4/5,"Jl. Jambu, Semanding, Sumbersekar, Kec. Dau, Kabupaten Malang, Jawa Timur 65151",https://maps.app.goo.gl/iv7W2aEkgi3Z8sxZ6,Setiap Langkah di Shelter adalah Langkahmu!
Anugerah Hewan Terlantar,4/5,"Jl. Pangestu No.. (RT 32, RW.12, Telasih, Kepuharjo, Kec. Karang Ploso, Kabupaten Malang, Jawa Timur 65152",https://maps.app.goo.gl/QMFqFhRf4v2nsvbo8,"Buka setiap hari, apabila ingin konsultasi terkait adopsi harap reservasi terlebih dahulu"
Harmoni Hewan Rescue,5/5,"Jl. Raya Langlang No.152, Langlang III, Langlang, Kec. Singosari, Kabupaten Malang, Jawa Timur 65153",https://maps.app.goo.gl/7rT7ZQ87nxK8cFAp8,Rumah Hewan Terlantar No. 1 di Jawa Timur
Suka Duka Pet Sanctuary,5/5,"Jl. A Yani Utara, Jl. Riverside Blk. C No.1, Polowijen, Blimbing, Malang City, East Java 65126",https://maps.app.goo.gl/ZZ3UYwDo1WpPBiRM6,"Dilayani dengan sepenuh hati, dirawat sepertii anabul sendiri!"
Pusat Perlindungan Hewan,3/5,"Jl. Cakrawala No.5, Sumbersari, Kec. Lowokwaru, Kota Malang, Jawa Timur 65145",https://maps.app.goo.gl/5FnvDTppgiCbavNM9,"Melindungi Hidup, Membangun Harapan Bersama"
Melodi Hati Pet Shelter,3/5,"Ruko permata land, Tunggulwulung, Kec. Lowokwaru, Kota Malang, Jawa Timur 65143",https://maps.app.goo.gl/L14M6FoP8myL1o9z5,Silahkan berkunjung ke shelter kami!
Gemilang Hewan Haven,4/5,"Jl. Soekarno Hatta No.9, Jatimulyo, Kec. Lowokwaru, Kota Malang, Jawa Timur 65141",https://maps.app.goo.gl/VWzfTmFNS8iik6pT7,"Buka 24 jam, kami menampung berbagai hewan terlantar dan membuka jasa adopsi"
Ramah Hewan Refuge,4/5,"Jl. Notojoyo, Babatan, Tegalgondo, Kec. Karang Ploso, Kabupaten Malang, Jawa Timur 65152",https://maps.app.goo.gl/rEH2PnjAB8rYj1id8,Kami membuka adopsi gratis bagi para anabul yang kami rawat saat ini!
Peluk Cinta Pet Shelter,4/5,"JL. Raya Karanglo KM. 2, Tasikmadu, Kec. Lowokwaru, Kota Malang, Jawa Timur 65153",https://maps.app.goo.gl/vmnocYDaQZSvrWkL8,"Keselamatan yang Dirasakan, Kebersamaan yang Dibagikan."""
Gemawan Animal Rescue,5/5,"Perum Tirtasani Royal Resort, Jl. Perusahaan Raya No.1, Karangploso Wetan, Kepuharjo, Kec. Karang Ploso, Kabupaten Malang, Jawa Timur 65152",https://maps.app.goo.gl/8SzRoVXhWR5RamvG9,Hubungi Call Center kami apabila ingin rehoming anabulmu!
Whiskers of Hope Sanctuary,5/5,"Jl. Raya Tlogomas No.246, Babatan, Tegalgondo, Kec. Lowokwaru, Kota Malang, Jawa Timur 65144",https://maps.app.goo.gl/xsVK9VhgWg3UWjYaA,Shelter dengan berbagai pelayanan terbaik dan hewan yang dirawat dengan penuh kasih sayang
Forever Fur Companions Shelter,3/5,"Jl. Ki Hajar Dewantara Desa No.1, Tanjung, Banjararum, Kec. Singosari, Kabupaten Malang, Jawa Timur 65153",https://maps.app.goo.gl/uxVEwvPELA44KV2P6,Adopsi hewan secara gratis hanya di shelter kami!
Wings of Compassion Animal Haven,3/5,"Jl. A. Yani No.15, Blimbing, Kec. Blimbing, Kota Malang, Jawa Timur 65126",https://maps.app.goo.gl/PjiE9ivkrCyfFdeZ7,Tempat Terbaik untuk Perlindungan dan Perawatan Hewan Terlantar
Tranquility Tails Rescue,5/5,"Jl. Ikan Gurami, Tunjungsekar, Kec. Lowokwaru, Kota Malang, Jawa Timur 65142",https://maps.app.goo.gl/JjGxFWRfB5Dp1FsRA,Menjadi Tempat Terbaik untuk Perlindungan dan Kasih Sayang Terhadap Hewan Terlantar. 
Compassion Critter Haven,3/5,"Perum Tirtasani Royal Resort, Jl. Perusahaan Raya No.1, Karangploso Wetan, Kepuharjo, Kec. Karang Ploso, Kabupaten Malang, Jawa Timur 65152",https://maps.app.goo.gl/y1q46CpibgAbTcxs5,Shelter kami buka 24 jam dan menyediakan berbagai jenis kebutuhan anabul Anda!
Loving Paws Refuge,4/5,"Jl. Cengger Ayam Dalam I No.38, Tulusrejo, Kec. Lowokwaru, Kota Malang, Jawa Timur 65141",https://maps.app.goo.gl/mSGTyBM9gaww9YxH6,Shelter dengan berbagai pelayanan terbaik dan hewan yang dirawat dengan penuh kasih sayang
Harmony Animal Sanctuary,2/5,"Jl. Sanan No.8, Keduyo, Purwantoro, Kec. Blimbing, Kota Malang, Jawa Timur 65126",https://maps.app.goo.gl/CzNLM6MHS67QVC9v8,"Dilayani dengan sepenuh hati, dirawat sepertii anabul sendiri!"
Serenity Strays Shelter,5/5,"Jl. TPST, Jetak Lor, Mulyoagung, Kec. Dau, Kabupaten Malang, Jawa Timur 65151",https://maps.app.goo.gl/kXTZxmsXYKDoyQMT9,"Melindungi Hidup, Membangun Harapan Bersama"
Forever Friends Rescue,5/5,"Jl. Tugu No.3, Kauman, Kec. Klojen, Kota Malang, Jawa Timur 65119",https://maps.app.goo.gl/JBN1jvGTS6zDczu3A,Shelter hewan dengan berbagai fasilitas yang canggih untuk hewan peliharaanmu!
Paws of Hope Shelter,3/5,"Jalan Raya Kepuharjo No.7, Kepuharjo, Karangploso, Turi Rejo, Kepuharjo, Kec. Karang Ploso, Kota Malang, Jawa Timur 65153",https://maps.app.goo.gl/SuouZdyHreiWgF6E6,Silahkan berkunjung ke shelter kami!
Compassionate Creatures Haven,3/5,"Lesanpuro, Kedungkandang, Malang City, East Java 65138",https://maps.app.goo.gl/yHw7q98842yfkNRL8,"Fasilitas shelter sangat canggih dan lengkap, pelayanan oleh para dokter hewan yang terampil"
Eternal Love Pet Shelter,4/5,"Jl. Kresno No.33, RT.02/RW.02, Polehan, Kec. Blimbing, Kota Malang, Jawa Timur 65121",https://maps.app.goo.gl/Mk5LLYw8862j6nkG6,Pilihan yang tepat untuk mengadopsi hewan!
Gentle Guardian Animal Refuge,5/5,"Jl. Raya Apel No.61, Semanding, Sumbersekar, Kec. Dau, Kabupaten Malang, Jawa Timur 65151",https://maps.app.goo.gl/JzNnjfDeWJVBNPAW7,"Tersedia 24 jam, apabila ingin rehoming mohon hubungi terlebih dahulu"
Joyful Journeys Pet Haven,2/5,"Jl. Gajayana No.500a, Dinoyo, Kec. Lowokwaru, Kota Malang, Jawa Timur 65144",https://maps.app.goo.gl/8mxmUMZn1eCigR1W6,"Buka untuk umum, fasilitas dan pelayanan terbaik serta perawatan anabul No. 1"
Amour Animal Refuge,3/5,"Jl. Mertojoyo Blk. S No.9, Merjosari, Kec. Lowokwaru, Kota Malang, Jawa Timur 65144",https://maps.app.goo.gl/P3b4xkgs1oFM25Ss7,Tempat Terbaik untuk Perlindungan dan Perawatan Hewan Terlantar
Balung Pet House,3/5,"Jl. Tlogo Suryo Jl. Raya Tlogomas No.50, RT.6/RW.2, Tlogomas, Kec. Lowokwaru, Kota Malang, Jawa Timur 65144",https://maps.app.goo.gl/HeoRXE3ggvwNkxzW9,Balung adalah pilihan yang tepat untuk kamu yang ingin mengadopsi atau menitipkan anabulmu!
The Pet Pantry,4/5,"Tasikmadu, Lowokwaru, Malang City, East Java 65143",https://maps.app.goo.gl/ZNi3EPhxMqv6ZDc17,Proses adopsi sangat mudah dan cepat
The Barkery and Meowtique,5/5,"Jl. Sidomakmur No.73, Jetak Lor, Mulyoagung, Kec. Dau, Kabupaten Malang, Jawa Timur 65151",https://maps.app.goo.gl/GBCbT45PZGyE7D9o9,Adopsi hewan secara gratis hanya di shelter kami!
Shelter of Love and Care,2/5,"Jl. Letjend S. Parman No.87 - 89, Purwantoro, Kec. Blimbing, Kota Malang, Jawa Timur 65122",https://maps.app.goo.gl/S72TrmDeYbrM8iua6,Tempat Penampungan hewan secara layak dan gratis
Haven for Animal Welfare,3/5,"Perum Jl. Akhtara Residence, RT.05/RW.02, Tasikmadu, Kec. Lowokwaru, Kota Malang, Jawa Timur 65143",https://maps.app.goo.gl/VLEHZDw8ja3KWDdu6,Shelter kami menyediakan jasa rehoming dan adopting bagi para paw lovers!
True Heart Animal Refuge,3/5,"Ps. Dinoyo, Jl. Mertojoyo, Merjosari, Kec. Lowokwaru, Kota Malang, Jawa Timur 65144",https://maps.app.goo.gl/HBW5pqKXyXSyWo1r6,"Tersedia 24 jam, apabila ingin rehoming mohon hubungi terlebih dahulu"
Indonesian Wildlife Sanctuary,2/5,"Jl. Pasar Besar, Sukoharjo, Kec. Klojen, Kota Malang, Jawa Timur",https://maps.app.goo.gl/GLj13fphW4uFunrA7,Shelter dengan berbagai pelayanan terbaik dan hewan yang dirawat dengan penuh kasih sayang
Sustainable Paws Shelter,5/5,"Jl. Raya Kebonagung, Sonosari, Kebonagung, Kec. Pakisaji, Kabupaten Malang, Jawa Timur 65162",https://maps.app.goo.gl/7SbNAWtmGoQwxvu5A,"Buka 24 jam, kami menampung berbagai hewan terlantar dan membuka jasa adopsi"
Bumi Harmony Animal Rescue,5/5,"Perum De Saxophone Town House No. 28, Jatimulyo, Kec. Lowokwaru, Kota Malang, Jawa Timur 65141",https://maps.app.goo.gl/eGnJqxxMBtAGWQX87,Adopsi hewan secara gratis hanya di shelter kami!
Compassionate Critter Haven,3/5,"Jl. Tawangmangu No.Kav. 4, Samaan, Kec. Klojen, Kota Malang, Jawa Timur 65141",https://maps.app.goo.gl/JXxZumYYvoGW8V519,Shelter dengan berbagai pelayanan terbaik dan hewan yang dirawat dengan penuh kasih sayang
Resilient Paws Shelter,4/5,"Jl. Veteran No.2, Penanggungan, Kec. Klojen, Kota Malang, Jawa Timur 65111",https://maps.app.goo.gl/rbyTUdFAviH8J3Kx9,Pilihan yang tepat untuk mengadopsi hewan!
Kumil Shelter,4/5,"Jl. Raya Sengkaling No.234, Sengkaling, Mulyoagung, Kec. Dau, Kabupaten Malang, Jawa Timur 65151",https://maps.app.goo.gl/RTaZthDijHYzdLa16,"Buka untuk umum, fasilitas dan pelayanan terbaik "
Our Pet!,5/5,"Jl. Panglima Sudirman No.64, Kesatrian, Kec. Blimbing, Kota Malang, Jawa Timur 65153",https://maps.app.goo.gl/Amng17Sud1ngJAPz9,"Fasilitas shelter sangat canggih dan lengkap, pelayanan oleh para dokter hewan yang terampil"
Hello Paws Paws,2/5,"Jl. Raya Mendalanwangi, Suko Anyar, Mendalanwangi, Kec. Wagir, Kabupaten Malang, Jawa Timur 65158",https://maps.app.goo.gl/xTzmyxtJAN1YnMnv8,Adopsi hewan secara gratis hanya di shelter kami!
Sugar Glider Home,3/5,"Ruko Singosari Regency blok A no. 2, Perum Singosari Regency, Jl. Raya Mondoroko, Pagentan, Kec. Singosari, Kabupaten Malang",https://maps.app.goo.gl/LNXrJjg9n4ZdV6Xz5,Proses adopsi sangat mudah dan cepat
Cookie Shelter,4/5,"Jl. MT. Haryono No.115, Dinoyo, Kec. Lowokwaru, Kota Malang, Jawa Timur 65145",https://maps.app.goo.gl/KubTGUvRRBQqbP7Y6,Adopsi hewan secara gratis hanya di shelter kami!
Medik Shelter Hewan,4/5,"Jl. Candi Panggung Masuk Area RRI No.58, Mojolangu, Kec. Lowokwaru, Kota Malang, Jawa Timur 65142",https://maps.app.goo.gl/hWjhNtGnmMHMZKBf9,Shelter kami menyediakan jasa rehoming dan adopting bagi para paw lovers!
Pet Care,5/5,"Perumahan Joyogrand, Blo XIII No.202, Merjosari, Kec. Lowokwaru, Kota Malang, Jawa Timur 65144",https://maps.app.goo.gl/YBnfpZZf99tqkDyn6,Tempat Penampungan hewan secara layak dan gratis
Natha Satwa ,5/5,"Jl. Rogoboyo No.13, Bunder, Ampeldento, Kec. Karang Ploso, Kabupaten Malang, Jawa Timur 65152",https://maps.app.goo.gl/3p121YGYVMroMNgVA,Shelter dengan berbagai pelayanan terbaik dan hewan yang dirawat dengan penuh kasih sayang
Fur & Hooman,4/5,"Jl. Untung Sudiro No.14, Cemorokandang, Kec. Kedungkandang, Kota Malang, Jawa Timur 65138",https://maps.app.goo.gl/aAPz7zLtMRtjcMvS8,Adopsi hewan secara gratis hanya di shelter kami!
Rescue Me!,4/5,"Jl. Mt Haryono 9 No.336, Dinoyo, Kec. Lowokwaru, Kota Malang, Jawa Timur 65144",https://maps.app.goo.gl/TEC5aS195womwxcF9,Kami membuka adopsi gratis bagi para anabul yang kami rawat saat ini!